{"cameraMode":{"drawMode":0,"name":"Shaded","section":"Shading Mode"},"sceneLighting":false,"audioPlay":false,"sceneViewState":{"showFog":true,"showMaterialUpdate":false,"showSkybox":false,"showFlares":true,"showImageEffects":true,"showParticleSystems":true},"in2DMode":false,"pivot":{"x":-92.56671142578125,"y":10.797172546386719,"z":-41.30067443847656},"rotation":{"x":0.07791025936603546,"y":-0.9210224747657776,"z":0.29189175367355349,"w":0.2459915429353714},"size":3.954805612564087,"orthographic":false}