{"cameraMode":{"drawMode":0,"name":"Shaded","section":"Shading Mode"},"sceneLighting":true,"audioPlay":false,"sceneViewState":{"showFog":true,"showMaterialUpdate":false,"showSkybox":false,"showFlares":true,"showImageEffects":true,"showParticleSystems":true},"in2DMode":false,"pivot":{"x":-14.388079643249512,"y":13.613407135009766,"z":-6.757603645324707},"rotation":{"x":-0.007153618149459362,"y":-0.7138552069664002,"z":-0.0072576492093503479,"w":0.7002671957015991},"size":9.046599388122559,"orthographic":false}