{"cameraMode":{"drawMode":0,"name":"Shaded","section":"Shading Mode"},"sceneLighting":true,"audioPlay":false,"sceneViewState":{"showFog":true,"showMaterialUpdate":false,"showSkybox":true,"showFlares":true,"showImageEffects":true,"showParticleSystems":true},"in2DMode":false,"pivot":{"x":23.521411895751954,"y":7.989497184753418,"z":-2.5026392936706545},"rotation":{"x":-0.0457773320376873,"y":-0.9536557197570801,"z":0.22822323441505433,"w":-0.19127023220062257},"size":5.06588888168335,"orthographic":false}