{"cameraMode":{"drawMode":0,"name":"Shaded","section":"Shading Mode"},"sceneLighting":true,"audioPlay":false,"sceneViewState":{"showFog":true,"showMaterialUpdate":false,"showSkybox":false,"showFlares":true,"showImageEffects":true,"showParticleSystems":true},"in2DMode":false,"pivot":{"x":-9.299999237060547,"y":6.340000152587891,"z":-20.110000610351564},"rotation":{"x":0.07031648606061936,"y":0.16826125979423524,"z":-0.0120302839204669,"w":0.983161985874176},"size":24.24871063232422,"orthographic":false}