{"cameraMode":{"drawMode":0,"name":"Shaded","section":"Shading Mode"},"sceneLighting":true,"audioPlay":false,"sceneViewState":{"showFog":true,"showMaterialUpdate":false,"showSkybox":false,"showFlares":true,"showImageEffects":true,"showParticleSystems":true},"in2DMode":false,"pivot":{"x":-2.7911832332611086,"y":8.636345863342286,"z":1.6695187091827393},"rotation":{"x":0.006973882671445608,"y":0.9822534322738648,"z":-0.03715325519442558,"w":0.1839379221200943},"size":0.6035760641098023,"orthographic":false}