{"cameraMode":{"drawMode":0,"name":"Shaded","section":"Shading Mode"},"sceneLighting":false,"audioPlay":false,"sceneViewState":{"showFog":true,"showMaterialUpdate":false,"showSkybox":false,"showFlares":true,"showImageEffects":true,"showParticleSystems":true},"in2DMode":false,"pivot":{"x":8.840475082397461,"y":14.526937484741211,"z":0.0},"rotation":{"x":0.03687674552202225,"y":-0.026978647336363794,"z":0.0009982363553717733,"w":0.9989597201347351},"size":8.712693214416504,"orthographic":false}