{"cameraMode":{"drawMode":0,"name":"Shaded","section":"Shading Mode"},"sceneLighting":false,"audioPlay":false,"sceneViewState":{"showFog":true,"showMaterialUpdate":false,"showSkybox":false,"showFlares":true,"showImageEffects":true,"showParticleSystems":true},"in2DMode":false,"pivot":{"x":11.23179817199707,"y":2.512436866760254,"z":-17.429927825927736},"rotation":{"x":0.13163086771965028,"y":-0.16132692992687226,"z":0.02175426483154297,"w":0.9778839945793152},"size":4.330127239227295,"orthographic":false}