{"cameraMode":{"drawMode":0,"name":"Shaded","section":"Shading Mode"},"sceneLighting":true,"audioPlay":false,"sceneViewState":{"showFog":true,"showMaterialUpdate":false,"showSkybox":false,"showFlares":true,"showImageEffects":true,"showParticleSystems":true},"in2DMode":false,"pivot":{"x":8.453533172607422,"y":-3.450601577758789,"z":59.14677047729492},"rotation":{"x":0.08398637920618057,"y":0.07317027449607849,"z":-0.006167897023260593,"w":0.9937930107116699},"size":31.79386329650879,"orthographic":false}