{"cameraMode":{"drawMode":0,"name":"Shaded","section":"Shading Mode"},"sceneLighting":false,"audioPlay":false,"sceneViewState":{"showFog":true,"showMaterialUpdate":false,"showSkybox":false,"showFlares":true,"showImageEffects":true,"showParticleSystems":true},"in2DMode":false,"pivot":{"x":1.4110915660858155,"y":2.6553406715393068,"z":-0.6499810814857483},"rotation":{"x":-0.2303551584482193,"y":0.0871630311012268,"z":-0.020779680460691453,"w":-0.96900475025177},"size":2.126616954803467,"orthographic":false}