{"cameraMode":{"drawMode":0,"name":"Shaded","section":"Shading Mode"},"sceneLighting":true,"audioPlay":false,"sceneViewState":{"showFog":true,"showMaterialUpdate":false,"showSkybox":false,"showFlares":true,"showImageEffects":true,"showParticleSystems":true},"in2DMode":false,"pivot":{"x":37.37009048461914,"y":3.9354076385498049,"z":-21.407365798950197},"rotation":{"x":0.0026582065038383009,"y":0.9846416115760803,"z":-0.1739894151687622,"w":0.015063640661537648},"size":12.694119453430176,"orthographic":false}