{"cameraMode":{"drawMode":0,"name":"Shaded","section":"Shading Mode"},"sceneLighting":false,"audioPlay":false,"sceneViewState":{"showFog":true,"showMaterialUpdate":false,"showSkybox":false,"showFlares":true,"showImageEffects":true,"showParticleSystems":true},"in2DMode":false,"pivot":{"x":-3.9253463745117189,"y":6.005901336669922,"z":2.6273231506347658},"rotation":{"x":-0.04375137761235237,"y":-0.6878369450569153,"z":-0.04188912361860275,"w":0.7234295606613159},"size":2.993414878845215,"orthographic":false}